Title, Company, Location, Salary, Post Date
Software Engineer  Intern,Fitbit ,San Francisco CA,$92k-$122k,14 days ago
Software Engineer  Intern,Hiya ,Seattle WA,$51k-$70k,17 days ago
Software Engineer  Intern,Citrix ,Fort Lauderdale FL,$56k-$78k,10 days ago
Software Engineer  Intern,Sift Science ,San Francisco CA,$62k-$85k,14 days ago
Software Engineer PartTime Fall Intern,Worldly ,Stanford CA,$62k-$85k,NEW
Software Engineering Intern,Raytheon ,Marlborough MA,$55k-$73k,NEW
Software Engineering Undergraduate Intern,VeriSign ,Reston VA,$62k-$85k,5 days ago
Software Engineering Intern,Naehas ,Palo Alto CA,$64k-$95k,7 days ago
Software Developer Intern,PerBlue ,San Francisco CA,$37k-$55k,4 days ago
Software Engineering Intern,Socedo ,Seattle WA,$51k-$70k,4 days ago
Software Engineer  Internship/CoOp,Uber ,San Francisco CA,$106k-$140k,NEW
Software Development Intern,AT&T ,Dallas TX,$42k-$63k,NEW
Software Engineer Intern,Markforged ,Cambridge MA,$53k-$92k,NEW
Software Engineering Intern Summer,Peloton Cycle ,New York NY,$91k-$131k,5 days ago
Software Engineering Internship,Weebly ,San Francisco CA,$94k-$126k,14 days ago
Internship  Software QA,CHEP ,Orlando FL,$41k-$63k,NEW
Software Engineer  Intern,Mesosphere ,San Francisco CA,$84k-$120k,7 days ago
Intern Software Engineer,The Climate Corp ,San Francisco CA,$67k-$93k,10 days ago
Software Development Intern,Spectrum Communications and Consulting ,Chicago IL,$45k-$66k,11 days ago
Software Engineering Intern Inclusion at Google Summer,Google ,New York NY,$85k-$118k,6 days ago
Software Development Engineer Intern,Zillow ,Seattle WA,$82k-$103k,8 days ago
Software Engineer Intern,HomeAway ,Austin TX,$68k-$93k,18 days ago
Software Engineer Internship,Oscar ,New York NY,$54k-$86k,4 days ago
Software Engineering Intern,Karat ,Seattle WA,$51k-$70k,7 days ago
Software Engineering Intern,DroneDeploy ,San Francisco CA,$81k-$116k,9 days ago
Software Engineer  Intern,Narrative Science ,Chicago IL,$52k-$79k,8 days ago
Software Development Engineering Intern Summer,Groupon ,Seattle WA,$116k-$149k,18 days ago
Software Engineering Intern,SparkCognition ,Austin TX,$47k-$87k,NEW
Intern/Coop  Software Engineer (BS) for,National Instruments Corporation ,Austin TX,$47k-$60k,6 days ago
Software Engineering Intern,Wealthfront ,Redwood City CA,$70k-$102k,7 days ago
